dev-s1000	18	0.0
dev-s1000	19	0.0
dev-s1000	20	0.0
dev-s1001	16	0.0
dev-s1002	7	0.0
dev-s1008	11	0.0
dev-s1008	13	0.0
dev-s1012	31	0.0
dev-s1020	10	0.0
dev-s1023	14	0.0
dev-s1023	16	0.0
dev-s1039	29	0.0
dev-s1039	40	0.0
dev-s1044	4	0.0
dev-s1053	18	0.0
dev-s1053	23	0.0
dev-s1053	24	0.0
dev-s1053	25	0.0
dev-s1059	18	0.0
dev-s1059	23	0.0
dev-s1088	10	0.0
dev-s1088	12	0.0
dev-s1088	14	0.0
dev-s1090	19	0.0
dev-s1097	5	0.0
dev-s1097	7	0.0
dev-s1101	5	0.0
dev-s1122	4	0.0
dev-s1132	20	0.0
dev-s1146	26	0.0
dev-s1161	13	0.0
dev-s1170	16	0.0
dev-s1171	17	0.0
dev-s1190	46	0.0
dev-s1201	15	0.0
dev-s1204	14	0.0
dev-s1204	50	0.0
dev-s1204	58	0.0
dev-s1204	60	0.0
dev-s1204	9	0.0
dev-s1212	10	0.0
dev-s1212	4	0.0
dev-s1212	5	0.0
dev-s1212	6	0.0
dev-s1212	7	0.0
dev-s1212	8	0.0
dev-s1228	3	0.0
dev-s1240	6	0.0
dev-s1290	11	0.0
dev-s1300	10	0.0
dev-s1301	10	0.0
dev-s1302	5	0.0
dev-s1302	7	0.0
dev-s1304	18	0.0
dev-s1305	6	0.0
dev-s1314	19	0.0
dev-s1314	24	0.0
dev-s1322	22	0.0
dev-s1324	13	0.0
dev-s1330	1	0.0
dev-s1332	11	0.0
dev-s1332	12	0.0
dev-s1332	22	0.0
dev-s1332	24	0.0
dev-s133	31	0.0
dev-s1339	23	0.0
dev-s1343	12	0.0
dev-s1343	13	0.0
dev-s1343	17	0.0
dev-s1343	19	0.0
dev-s1365	22	0.0
dev-s1369	13	0.0
dev-s1369	17	0.0
dev-s1369	56	0.0
dev-s1369	57	0.0
dev-s1369	7	0.0
dev-s1380	23	0.0
dev-s138	17	0.0
dev-s139	20	0.0
dev-s1399	15	0.0
dev-s1440	10	0.0
dev-s1471	14	0.0
dev-s1472	25	0.0
dev-s1472	28	0.0
dev-s1472	31	0.0
dev-s1473	6	0.0
dev-s147	8	0.0
dev-s1492	12	0.0
dev-s1494	7	0.0
dev-s1501	6	0.0
dev-s1502	39	0.0
dev-s1504	9	0.0
dev-s1508	11	0.0
dev-s1508	2	0.0
dev-s151	1	0.0
dev-s151	11	0.0
dev-s151	12	0.0
dev-s1514	15	0.0
dev-s151	6	0.0
dev-s151	7	0.0
dev-s1519	13	0.0
dev-s1519	18	0.0
dev-s1525	2	0.0
dev-s1531	23	0.0
dev-s1539	8	0.0
dev-s156	8	0.0
dev-s1569	7	0.0
dev-s1571	13	0.0
dev-s1587	35	0.0
dev-s1594	17	0.0
dev-s1607	23	0.0
dev-s1607	26	0.0
dev-s1609	2	0.0
dev-s1610	15	0.0
dev-s1610	44	0.0
dev-s1610	53	0.0
dev-s1612	2	0.0
dev-s1614	34	0.0
dev-s1637	20	0.0
dev-s1645	31	0.0
dev-s17	1	0.0
dev-s177	15	0.0
dev-s177	17	0.0
dev-s18	30	0.0
dev-s18	33	0.0
dev-s185	22	0.0
dev-s191	8	0.0
dev-s195	1	0.0
dev-s195	18	0.0
dev-s195	20	0.0
dev-s198	6	0.0
dev-s21	2	0.0
dev-s213	23	0.0
dev-s21	4	0.0
dev-s21	5	0.0
dev-s218	13	0.0
dev-s218	14	0.0
dev-s218	17	0.0
dev-s223	34	0.0
dev-s223	39	0.0
dev-s237	8	0.0
dev-s243	44	0.0
dev-s249	3	0.0
dev-s276	6	0.0
dev-s285	10	0.0
dev-s285	8	0.0
dev-s30	7	0.0
dev-s313	12	0.0
dev-s313	22	0.0
dev-s316	10	0.0
dev-s316	11	0.0
dev-s316	12	0.0
dev-s316	4	0.0
dev-s316	5	0.0
dev-s316	8	0.0
dev-s319	22	0.0
dev-s328	13	0.0
dev-s328	14	0.0
dev-s328	19	0.0
dev-s332	23	0.0
dev-s335	15	0.0
dev-s336	10	0.0
dev-s352	14	0.0
dev-s352	18	0.0
dev-s352	19	0.0
dev-s367	1	0.0
dev-s369	48	0.0
dev-s369	6	0.0
dev-s369	9	0.0
dev-s373	15	0.0
dev-s383	6	0.0
dev-s386	1	0.0
dev-s386	11	0.0
dev-s386	2	0.0
dev-s390	10	0.0
dev-s390	3	0.0
dev-s390	67	0.0
dev-s390	7	0.0
dev-s403	22	0.0
dev-s408	29	0.0
dev-s408	8	0.0
dev-s413	4	0.0
dev-s415	1	0.0
dev-s424	11	0.0
dev-s424	9	0.0
dev-s428	3	0.0
dev-s433	13	0.0
dev-s433	14	0.0
dev-s436	8	0.0
dev-s441	16	0.0
dev-s464	13	0.0
dev-s464	14	0.0
dev-s464	15	0.0
dev-s469	21	0.0
dev-s469	27	0.0
dev-s470	25	0.0
dev-s473	14	0.0
dev-s473	16	0.0
dev-s477	12	0.0
dev-s477	14	0.0
dev-s477	20	0.0
dev-s477	22	0.0
dev-s477	24	0.0
dev-s477	25	0.0
dev-s477	7	0.0
dev-s478	10	0.0
dev-s485	10	0.0
dev-s485	2	0.0
dev-s487	17	0.0
dev-s492	23	0.0
dev-s496	18	0.0
dev-s497	17	0.0
dev-s498	10	0.0
dev-s506	8	0.0
dev-s513	2	0.0
dev-s513	3	0.0
dev-s513	42	0.0
dev-s526	2	0.0
dev-s539	1	0.0
dev-s566	17	0.0
dev-s567	10	0.0
dev-s567	17	0.0
dev-s567	18	0.0
dev-s567	20	0.0
dev-s567	21	0.0
dev-s567	22	0.0
dev-s567	8	0.0
dev-s567	9	0.0
dev-s569	12	0.0
dev-s569	22	0.0
dev-s569	24	0.0
dev-s569	25	0.0
dev-s575	10	0.0
dev-s593	3	0.0
dev-s593	4	0.0
dev-s60	16	0.0
dev-s610	12	0.0
dev-s620	17	0.0
dev-s621	9	0.0
dev-s622	11	0.0
dev-s622	14	0.0
dev-s622	16	0.0
dev-s622	20	0.0
dev-s63	2	0.0
dev-s642	5	0.0
dev-s647	11	0.0
dev-s663	1	0.0
dev-s663	14	0.0
dev-s663	19	0.0
dev-s669	10	0.0
dev-s690	6	0.0
dev-s691	19	0.0
dev-s691	26	0.0
dev-s691	9	0.0
dev-s694	1	0.0
dev-s700	16	0.0
dev-s701	35	0.0
dev-s702	51	0.0
dev-s703	29	0.0
dev-s703	32	0.0
dev-s703	33	0.0
dev-s704	4	0.0
dev-s707	22	0.0
dev-s732	32	0.0
dev-s744	21	0.0
dev-s760	13	0.0
dev-s773	36	0.0
dev-s773	37	0.0
dev-s774	24	0.0
dev-s778	8	0.0
dev-s789	20	0.0
dev-s789	21	0.0
dev-s793	12	0.0
dev-s793	17	0.0
dev-s793	18	0.0
dev-s799	19	0.0
dev-s799	3	0.0
dev-s799	32	0.0
dev-s801	26	0.0
dev-s818	30	0.0
dev-s823	20	0.0
dev-s823	46	0.0
dev-s835	11	0.0
dev-s835	14	0.0
dev-s835	18	0.0
dev-s835	20	0.0
dev-s835	22	0.0
dev-s835	28	0.0
dev-s836	9	0.0
dev-s839	18	0.0
dev-s839	19	0.0
dev-s844	3	0.0
dev-s844	5	0.0
dev-s857	1	0.0
dev-s859	31	0.0
dev-s86	9	0.0
dev-s874	12	0.0
dev-s880	28	0.0
dev-s882	21	0.0
dev-s886	13	0.0
dev-s886	3	0.0
dev-s889	3	0.0
dev-s889	4	0.0
dev-s889	6	0.0
dev-s896	10	0.0
dev-s896	9	0.0
dev-s89	7	0.0
dev-s89	8	0.0
dev-s90	29	0.0
dev-s906	13	0.0
dev-s91	16	0.0
dev-s91	17	0.0
dev-s91	19	0.0
dev-s91	20	0.0
dev-s91	21	0.0
dev-s925	5	0.0
dev-s927	19	0.0
dev-s933	1	0.0
dev-s933	4	0.0
dev-s936	17	0.0
dev-s936	23	0.0
dev-s936	24	0.0
dev-s936	25	0.0
dev-s936	26	0.0
dev-s936	27	0.0
dev-s940	3	0.0
dev-s949	22	0.0
dev-s976	18	0.0
dev-s976	19	0.0
dev-s976	20	0.0
dev-s976	21	0.0
dev-s976	22	0.0
dev-s980	20	0.0
test-s1030	1	0.0
test-s1030	5	0.0
test-s1034	10	0.0
test-s103	54	0.0
test-s1042	16	0.0
test-s1043	1	0.0
test-s1043	25	0.0
test-s1043	26	0.0
test-s1043	3	0.0
test-s1046	14	0.0
test-s1046	16	0.0
test-s1052	20	0.0
test-s1052	21	0.0
test-s1055	15	0.0
test-s1055	16	0.0
test-s1056	3	0.0
test-s1056	4	0.0
test-s1061	3	0.0
test-s1069	20	0.0
test-s107	10	0.0
test-s107	14	0.0
test-s1083	1	0.0
test-s1083	10	0.0
test-s1083	11	0.0
test-s1083	2	0.0
test-s1083	3	0.0
test-s1083	4	0.0
test-s1083	5	0.0
test-s1083	6	0.0
test-s1090	7	0.0
test-s1090	8	0.0
test-s109	1	0.0
test-s109	3	0.0
test-s109	4	0.0
test-s109	5	0.0
test-s109	6	0.0
test-s1107	22	0.0
test-s1111	12	0.0
test-s1127	18	0.0
test-s113	31	0.0
test-s115	16	0.0
test-s1152	22	0.0
test-s1167	12	0.0
test-s1167	22	0.0
test-s1167	25	0.0
test-s1167	28	0.0
test-s1167	30	0.0
test-s1167	31	0.0
test-s1174	36	0.0
test-s1183	18	0.0
test-s1183	19	0.0
test-s1183	21	0.0
test-s1183	9	0.0
test-s1192	1	0.0
test-s1192	19	0.0
test-s1192	2	0.0
test-s1194	12	0.0
test-s1198	4	0.0
test-s1199	10	0.0
test-s1206	1	0.0
test-s1206	3	0.0
test-s1206	5	0.0
test-s1209	13	0.0
test-s1209	31	0.0
test-s1239	15	0.0
test-s1239	6	0.0
test-s125	9	0.0
test-s1263	24	0.0
test-s127	16	0.0
test-s1287	13	0.0
test-s130	10	0.0
test-s130	12	0.0
test-s130	19	0.0
test-s130	23	0.0
test-s130	24	0.0
test-s130	9	0.0
test-s131	12	0.0
test-s131	2	0.0
test-s131	36	0.0
test-s1318	12	0.0
test-s1330	18	0.0
test-s1334	16	0.0
test-s1334	4	0.0
test-s1346	6	0.0
test-s1347	5	0.0
test-s1351	8	0.0
test-s1355	17	0.0
test-s1365	9	0.0
test-s1371	11	0.0
test-s1371	13	0.0
test-s1378	34	0.0
test-s1410	20	0.0
test-s1413	10	0.0
test-s1413	11	0.0
test-s1413	17	0.0
test-s1413	18	0.0
test-s1413	19	0.0
test-s1413	20	0.0
test-s1413	9	0.0
test-s1426	18	0.0
test-s1426	28	0.0
test-s1429	16	0.0
test-s1453	3	0.0
test-s1459	19	0.0
test-s146	19	0.0
test-s1478	2	0.0
test-s1486	18	0.0
test-s1486	27	0.0
test-s1487	4	0.0
test-s1487	5	0.0
test-s1488	1	0.0
test-s1494	47	0.0
test-s1499	5	0.0
test-s1515	10	0.0
test-s1530	16	0.0
test-s1546	8	0.0
test-s1553	1	0.0
test-s1553	19	0.0
test-s1553	20	0.0
test-s1556	4	0.0
test-s155	7	0.0
test-s156	28	0.0
test-s1563	12	0.0
test-s1564	5	0.0
test-s1584	5	0.0
test-s1584	6	0.0
test-s159	11	0.0
test-s159	12	0.0
test-s159	2	0.0
test-s1603	1	0.0
test-s1603	13	0.0
test-s1603	7	0.0
test-s1603	8	0.0
test-s1603	9	0.0
test-s1613	4	0.0
test-s1616	27	0.0
test-s1625	49	0.0
test-s1652	1	0.0
test-s1652	2	0.0
test-s171	3	0.0
test-s171	5	0.0
test-s176	10	0.0
test-s19	2	0.0
test-s19	4	0.0
test-s19	5	0.0
test-s19	7	0.0
test-s19	9	0.0
test-s203	13	0.0
test-s211	2	0.0
test-s211	5	0.0
test-s225	22	0.0
test-s235	19	0.0
test-s245	17	0.0
test-s246	10	0.0
test-s246	9	0.0
test-s251	1	0.0
test-s251	13	0.0
test-s251	14	0.0
test-s251	15	0.0
test-s254	1	0.0
test-s265	9	0.0
test-s274	14	0.0
test-s274	16	0.0
test-s275	33	0.0
test-s279	10	0.0
test-s279	14	0.0
test-s282	11	0.0
test-s282	12	0.0
test-s282	14	0.0
test-s286	1	0.0
test-s300	36	0.0
test-s300	41	0.0
test-s331	17	0.0
test-s331	19	0.0
test-s331	20	0.0
test-s331	21	0.0
test-s331	22	0.0
test-s337	7	0.0
test-s341	16	0.0
test-s347	12	0.0
test-s356	16	0.0
test-s356	25	0.0
test-s356	3	0.0
test-s356	31	0.0
test-s356	34	0.0
test-s356	36	0.0
test-s362	11	0.0
test-s362	5	0.0
test-s362	9	0.0
test-s368	11	0.0
test-s37	11	0.0
test-s372	20	0.0
test-s372	4	0.0
test-s378	18	0.0
test-s378	20	0.0
test-s379	28	0.0
test-s386	1	0.0
test-s390	17	0.0
test-s390	18	0.0
test-s390	22	0.0
test-s398	48	0.0
test-s411	2	0.0
test-s413	14	0.0
test-s415	22	0.0
test-s423	5	0.0
test-s459	26	0.0
test-s461	13	0.0
test-s461	16	0.0
test-s461	17	0.0
test-s478	1	0.0
test-s478	2	0.0
test-s482	16	0.0
test-s482	4	0.0
test-s486	22	0.0
test-s486	24	0.0
test-s486	27	0.0
test-s486	29	0.0
test-s488	15	0.0
test-s488	39	0.0
test-s494	38	0.0
test-s494	62	0.0
test-s494	63	0.0
test-s507	3	0.0
test-s540	5	0.0
test-s545	7	0.0
test-s552	10	0.0
test-s552	3	0.0
test-s552	7	0.0
test-s564	4	0.0
test-s564	5	0.0
test-s573	10	0.0
test-s573	19	0.0
test-s573	20	0.0
test-s573	24	0.0
test-s57	6	0.0
test-s617	27	0.0
test-s624	18	0.0
test-s624	19	0.0
test-s624	20	0.0
test-s626	10	0.0
test-s626	20	0.0
test-s626	22	0.0
test-s626	24	0.0
test-s628	35	0.0
test-s628	40	0.0
test-s631	7	0.0
test-s651	15	0.0
test-s653	13	0.0
test-s671	14	0.0
test-s671	19	0.0
test-s671	21	0.0
test-s707	8	0.0
test-s7	11	0.0
test-s71	17	0.0
test-s71	18	0.0
test-s7	12	0.0
test-s712	29	0.0
test-s719	8	0.0
test-s722	29	0.0
test-s722	31	0.0
test-s722	32	0.0
test-s726	12	0.0
test-s728	12	0.0
test-s728	3	0.0
test-s745	11	0.0
test-s745	12	0.0
test-s753	18	0.0
test-s761	12	0.0
test-s766	14	0.0
test-s766	17	0.0
test-s769	33	0.0
test-s7	7	0.0
test-s779	31	0.0
test-s780	10	0.0
test-s780	16	0.0
test-s780	17	0.0
test-s780	4	0.0
test-s780	49	0.0
test-s780	54	0.0
test-s780	55	0.0
test-s782	3	0.0
test-s788	10	0.0
test-s788	11	0.0
test-s788	2	0.0
test-s788	5	0.0
test-s788	7	0.0
test-s788	9	0.0
test-s792	9	0.0
test-s803	5	0.0
test-s803	6	0.0
test-s805	17	0.0
test-s805	23	0.0
test-s805	28	0.0
test-s807	24	0.0
test-s822	10	0.0
test-s822	6	0.0
test-s845	6	0.0
test-s847	24	0.0
test-s847	25	0.0
test-s853	11	0.0
test-s858	13	0.0
test-s858	15	0.0
test-s870	8	0.0
test-s874	4	0.0
test-s875	22	0.0
test-s875	6	0.0
test-s887	30	0.0
test-s894	11	0.0
test-s894	14	0.0
test-s894	19	0.0
test-s894	20	0.0
test-s894	23	0.0
test-s903	9	0.0
test-s916	19	0.0
test-s916	20	0.0
test-s916	21	0.0
test-s916	23	0.0
test-s916	31	0.0
test-s943	13	0.0
test-s957	1	0.0
test-s957	22	0.0
test-s960	33	0.0
test-s960	44	0.0
test-s961	24	0.0
test-s961	27	0.0
test-s961	36	0.0
test-s962	16	0.0
test-s965	1	0.0
test-s969	12	0.0
test-s971	17	0.0
test-s999	16	0.0
test-s999	23	0.0
test-s999	49	0.0
train-s10007	24	0.0
train-s10012	21	0.0
train-s10012	29	0.0
train-s10012	33	0.0
train-s10016	14	0.0
train-s10019	11	0.0
train-s10019	14	0.0
train-s10019	15	0.0
train-s10019	16	0.0
train-s10021	31	0.0
train-s10030	38	0.0
train-s1003	23	0.0
train-s10033	13	0.0
train-s10033	22	0.0
train-s10033	27	0.0
train-s10033	68	0.0
train-s10033	75	0.0
train-s10033	76	0.0
train-s10057	10	0.0
train-s10057	11	0.0
train-s10057	17	0.0
train-s10057	57	0.0
train-s10083	13	0.0
train-s10083	14	0.0
train-s10083	15	0.0
train-s10102	14	0.0
train-s10102	44	0.0
train-s10102	56	0.0
train-s10132	13	0.0
train-s10144	38	0.0
train-s10145	4	0.0
train-s10148	10	0.0
train-s10148	11	0.0
train-s10148	16	0.0
train-s10152	8	0.0
train-s10156	16	0.0
train-s10156	20	0.0
train-s10164	16	0.0
train-s10165	16	0.0
train-s10183	46	0.0
train-s10191	10	0.0
train-s10193	10	0.0
train-s10193	19	0.0
train-s10193	20	0.0
train-s10193	28	0.0
train-s10193	29	0.0
train-s10209	20	0.0
train-s10213	15	0.0
train-s10213	17	0.0
train-s10213	31	0.0
train-s10213	32	0.0
train-s10213	33	0.0
train-s10213	47	0.0
train-s1023	5	0.0
train-s10248	29	0.0
train-s10271	10	0.0
train-s10271	12	0.0
train-s10271	13	0.0
train-s10271	15	0.0
train-s10271	18	0.0
train-s10271	21	0.0
train-s10271	22	0.0
train-s10271	23	0.0
train-s10271	26	0.0
train-s10271	27	0.0
train-s10271	29	0.0
train-s10271	30	0.0
train-s10275	18	0.0
train-s10276	12	0.0
train-s10284	7	0.0
train-s10295	3	0.0
train-s10298	13	0.0
train-s10298	9	0.0
train-s10300	24	0.0
train-s10303	29	0.0
train-s10306	17	0.0
train-s10311	40	0.0
train-s10311	42	0.0
train-s10317	20	0.0
train-s10317	21	0.0
train-s1031	8	0.0
train-s10321	12	0.0
train-s1034	27	0.0
train-s1034	28	0.0
train-s1034	29	0.0
train-s10348	15	0.0
train-s10350	23	0.0
train-s10353	14	0.0
train-s10353	15	0.0
train-s10361	44	0.0
train-s10364	18	0.0
train-s1037	1	0.0
train-s10407	9	0.0
train-s10410	30	0.0
train-s10412	20	0.0
train-s10412	21	0.0
train-s10412	7	0.0
train-s10444	36	0.0
train-s1045	32	0.0
train-s10476	17	0.0
train-s10509	24	0.0
train-s10510	16	0.0
train-s10510	4	0.0
train-s10512	14	0.0
train-s10512	4	0.0
train-s10518	37	0.0
train-s10522	42	0.0
train-s10522	6	0.0
train-s10522	60	0.0
train-s10548	4	0.0
train-s10548	5	0.0
train-s10548	6	0.0
train-s10548	7	0.0
train-s10553	17	0.0
train-s10553	18	0.0
train-s10558	15	0.0
train-s10559	13	0.0
train-s10559	14	0.0
train-s10559	15	0.0
train-s10559	16	0.0
train-s10559	22	0.0
train-s10559	24	0.0
train-s10559	28	0.0
train-s10568	15	0.0
train-s10568	47	0.0
train-s10568	52	0.0
train-s10568	55	0.0
train-s10568	58	0.0
train-s10568	59	0.0
train-s10568	62	0.0
train-s10568	70	0.0
train-s10568	79	0.0
train-s10569	54	0.0
train-s10569	55	0.0
train-s10577	17	0.0
train-s10578	6	0.0
train-s10586	2	0.0
train-s10600	5	0.0
train-s10601	16	0.0
train-s10601	8	0.0
train-s10606	20	0.0
train-s10611	18	0.0
train-s10611	20	0.0
train-s10611	26	0.0
train-s10611	27	0.0
train-s10611	28	0.0
train-s10611	29	0.0
train-s10612	13	0.0
train-s10616	9	0.0
train-s10619	15	0.0
train-s10637	9	0.0
train-s10651	4	0.0
train-s10656	20	0.0
train-s10659	3	0.0
train-s10660	11	0.0
train-s10660	12	0.0
train-s10660	18	0.0
train-s10663	7	0.0
train-s10667	12	0.0
train-s10667	13	0.0
train-s10667	14	0.0
train-s10667	15	0.0
train-s10667	16	0.0
train-s10683	15	0.0
train-s10683	17	0.0
train-s10686	31	0.0
train-s10691	14	0.0
train-s10691	15	0.0
train-s10691	9	0.0
train-s10692	18	0.0
train-s10692	19	0.0
train-s10692	25	0.0
train-s10693	19	0.0
train-s10693	22	0.0
train-s10707	5	0.0
train-s10708	8	0.0
train-s10709	11	0.0
train-s10709	12	0.0
train-s10709	18	0.0
train-s10709	21	0.0
train-s10709	22	0.0
train-s1071	10	0.0
train-s10713	14	0.0
train-s10713	16	0.0
train-s10715	21	0.0
train-s10720	44	0.0
train-s1072	26	0.0
train-s10725	16	0.0
train-s10727	1	0.0
train-s10727	10	0.0
train-s10731	27	0.0
train-s10737	18	0.0
train-s10737	29	0.0
train-s10737	34	0.0
train-s10739	9	0.0
train-s10755	18	0.0
train-s10762	17	0.0
train-s10762	33	0.0
train-s10762	50	0.0
train-s10762	59	0.0
train-s10785	10	0.0
train-s10785	9	0.0
train-s10787	3	0.0
train-s10793	5	0.0
train-s10795	24	0.0
train-s10795	3	0.0
train-s10804	18	0.0
train-s10804	6	0.0
train-s10815	23	0.0
train-s10820	31	0.0
train-s10820	33	0.0
train-s10832	55	0.0
train-s10836	17	0.0
train-s10836	6	0.0
train-s10839	15	0.0
train-s10839	4	0.0
train-s10846	20	0.0
train-s10851	20	0.0
train-s10851	21	0.0
train-s10853	10	0.0
train-s10853	15	0.0
train-s10853	21	0.0
train-s10853	38	0.0
train-s10857	15	0.0
train-s10857	17	0.0
train-s10857	28	0.0
train-s10862	10	0.0
train-s10862	9	0.0
train-s10895	12	0.0
train-s10895	26	0.0
train-s10896	5	0.0
train-s10913	13	0.0
train-s10933	10	0.0
train-s10933	12	0.0
train-s10942	13	0.0
train-s10942	15	0.0
train-s10942	16	0.0
train-s10942	21	0.0
train-s10944	9	0.0
train-s10948	29	0.0
train-s1095	10	0.0
train-s10954	11	0.0
train-s10954	9	0.0
train-s1095	5	0.0
train-s10973	12	0.0
train-s11003	24	0.0
train-s11011	2	0.0
train-s11011	3	0.0
train-s11011	5	0.0
train-s11021	12	0.0
train-s11022	14	0.0
train-s11029	2	0.0
train-s11035	13	0.0
train-s11035	22	0.0
train-s11036	5	0.0
train-s11047	29	0.0
train-s11047	37	0.0
train-s11047	5	0.0
train-s11049	34	0.0
train-s11049	37	0.0
train-s11065	8	0.0
train-s11090	10	0.0
train-s11091	9	0.0
train-s11098	8	0.0
train-s1110	21	0.0
train-s1110	24	0.0
train-s1110	29	0.0
train-s1110	30	0.0
train-s1110	31	0.0
train-s11103	19	0.0
train-s1110	32	0.0
train-s1110	34	0.0
train-s1110	36	0.0
train-s1110	38	0.0
train-s1110	39	0.0
train-s1110	40	0.0
train-s1110	41	0.0
train-s11109	16	0.0
train-s11119	1	0.0
train-s11120	31	0.0
train-s11122	53	0.0
train-s11122	55	0.0
train-s11122	57	0.0
train-s11125	28	0.0
train-s11129	21	0.0
train-s1113	1	0.0
train-s11164	29	0.0
train-s11164	30	0.0
train-s11164	31	0.0
train-s11172	1	0.0
train-s11172	11	0.0
train-s11172	22	0.0
train-s11172	26	0.0
train-s11172	27	0.0
train-s11186	10	0.0
train-s11186	11	0.0
train-s11186	9	0.0
train-s11190	9	0.0
train-s11196	26	0.0
train-s11196	39	0.0
train-s11200	1	0.0
train-s11200	12	0.0
train-s11200	2	0.0
train-s11200	20	0.0
train-s11200	21	0.0
train-s11200	28	0.0
train-s11200	32	0.0
train-s11218	22	0.0
train-s11233	3	0.0
train-s11240	11	0.0
train-s11240	13	0.0
train-s11240	9	0.0
train-s11243	25	0.0
train-s11244	11	0.0
train-s11244	13	0.0
train-s11244	14	0.0
train-s11244	15	0.0
train-s11256	19	0.0
train-s11260	13	0.0
train-s11262	2	0.0
train-s11267	19	0.0
train-s11267	21	0.0
train-s11271	18	0.0
train-s11271	20	0.0
train-s11271	24	0.0
train-s11271	28	0.0
train-s11271	29	0.0
train-s11271	30	0.0
train-s11275	21	0.0
train-s11278	17	0.0
train-s11281	13	0.0
train-s11281	14	0.0
train-s11281	15	0.0
train-s11281	16	0.0
train-s11281	17	0.0
train-s11293	1	0.0
train-s11293	4	0.0
train-s11324	1	0.0
train-s11333	12	0.0
train-s11339	1	0.0
train-s11339	2	0.0
train-s11339	3	0.0
train-s11348	15	0.0
train-s11348	17	0.0
train-s11348	18	0.0
train-s11361	14	0.0
train-s1136	13	0.0
train-s11362	11	0.0
train-s1136	4	0.0
train-s1136	7	0.0
train-s1136	8	0.0
train-s11368	11	0.0
train-s11382	33	0.0
train-s11382	34	0.0
train-s11382	35	0.0
train-s11385	15	0.0
train-s11387	8	0.0
train-s11390	15	0.0
train-s11392	15	0.0
train-s11399	29	0.0
train-s11401	25	0.0
train-s11414	22	0.0
train-s114	21	0.0
train-s11423	17	0.0
train-s11423	26	0.0
train-s11423	27	0.0
train-s11423	28	0.0
train-s11423	29	0.0
train-s11423	30	0.0
train-s11423	31	0.0
train-s11425	10	0.0
train-s11425	11	0.0
train-s11446	37	0.0
train-s11446	39	0.0
train-s11454	12	0.0
train-s11454	6	0.0
train-s11491	20	0.0
train-s11491	21	0.0
train-s1151	22	0.0
train-s11525	11	0.0
train-s11525	9	0.0
train-s11550	10	0.0
train-s11552	8	0.0
train-s11560	14	0.0
train-s1156	23	0.0
train-s11570	2	0.0
train-s11570	23	0.0
train-s1157	2	0.0
train-s1157	3	0.0
train-s11577	12	0.0
train-s11585	13	0.0
train-s11590	1	0.0
train-s11590	3	0.0
train-s11603	2	0.0
train-s11603	40	0.0
train-s11613	2	0.0
train-s11614	19	0.0
train-s11620	1	0.0
train-s11637	1	0.0
train-s11637	18	0.0
train-s11638	9	0.0
train-s11640	10	0.0
train-s11640	11	0.0
train-s11640	12	0.0
train-s11640	13	0.0
train-s11653	18	0.0
train-s11654	3	0.0
train-s11662	32	0.0
train-s11662	39	0.0
train-s11662	46	0.0
train-s11677	28	0.0
train-s11681	6	0.0
train-s11682	12	0.0
train-s1168	27	0.0
train-s11685	9	0.0
train-s11691	18	0.0
train-s11691	20	0.0
train-s11696	11	0.0
train-s11707	18	0.0
train-s11711	18	0.0
train-s11715	28	0.0
train-s11721	12	0.0
train-s11743	1	0.0
train-s11743	42	0.0
train-s11743	56	0.0
train-s11743	6	0.0
train-s11743	60	0.0
train-s11743	64	0.0
train-s11743	9	0.0
train-s11748	7	0.0
train-s11758	3	0.0
train-s11758	7	0.0
train-s11767	22	0.0
train-s11767	23	0.0
train-s11770	1	0.0
train-s11775	14	0.0
train-s11775	15	0.0
train-s11775	33	0.0
train-s11777	17	0.0
train-s1179	12	0.0
train-s1179	13	0.0
train-s11798	9	0.0
train-s1180	12	0.0
train-s11810	10	0.0
train-s11829	11	0.0
train-s11854	12	0.0
train-s11866	21	0.0
train-s11866	45	0.0
train-s1187	12	0.0
train-s11873	18	0.0
train-s11878	11	0.0
train-s11878	22	0.0
train-s11878	9	0.0
train-s1188	8	0.0
train-s11896	30	0.0
train-s11896	9	0.0
train-s11905	3	0.0
train-s11905	4	0.0
train-s11905	5	0.0
train-s11906	21	0.0
train-s11925	16	0.0
train-s11929	24	0.0
train-s11929	25	0.0
train-s11929	27	0.0
train-s11929	29	0.0
train-s11929	36	0.0
train-s1193	13	0.0
train-s11934	16	0.0
train-s11937	11	0.0
train-s11942	1	0.0
train-s11955	12	0.0
train-s11955	23	0.0
train-s11955	27	0.0
train-s11955	31	0.0
train-s11955	33	0.0
train-s11958	6	0.0
train-s11958	8	0.0
train-s11958	9	0.0
train-s11959	20	0.0
train-s11964	37	0.0
train-s11964	39	0.0
train-s11964	40	0.0
train-s11969	20	0.0
train-s11983	6	0.0
train-s11983	9	0.0
train-s1202	6	0.0
train-s12028	11	0.0
train-s12028	13	0.0
train-s12028	15	0.0
train-s12028	16	0.0
train-s12028	18	0.0
train-s12028	9	0.0
train-s12038	13	0.0
train-s12039	10	0.0
train-s12051	16	0.0
train-s12051	26	0.0
train-s12051	27	0.0
train-s12053	7	0.0
train-s12055	13	0.0
train-s12082	7	0.0
train-s12084	18	0.0
train-s12085	14	0.0
train-s1209	4	0.0
train-s12105	4	0.0
train-s12109	4	0.0
train-s12111	42	0.0
train-s12111	51	0.0
train-s12113	10	0.0
train-s12113	8	0.0
train-s12137	25	0.0
train-s12149	14	0.0
train-s12154	9	0.0
train-s12174	31	0.0
train-s12181	27	0.0
train-s12183	13	0.0
train-s12183	16	0.0
train-s12183	17	0.0
train-s12183	18	0.0
train-s12183	19	0.0
train-s12185	16	0.0
train-s12196	13	0.0
train-s12199	27	0.0
train-s12199	33	0.0
train-s12201	5	0.0
train-s12203	24	0.0
train-s12203	29	0.0
train-s12223	7	0.0
train-s12224	6	0.0
train-s12226	13	0.0
train-s12242	18	0.0
train-s12242	20	0.0
train-s12251	28	0.0
train-s12251	29	0.0
train-s12257	1	0.0
train-s12257	9	0.0
train-s12259	1	0.0
train-s12259	9	0.0
train-s1231	9	0.0
train-s12321	10	0.0
train-s12321	3	0.0
train-s12321	5	0.0
train-s12321	8	0.0
train-s12332	38	0.0
train-s12344	20	0.0
train-s1235	1	0.0
train-s12355	24	0.0
train-s12355	3	0.0
train-s12373	13	0.0
train-s12373	33	0.0
train-s12393	1	0.0
train-s12393	10	0.0
train-s12394	4	0.0
train-s12397	17	0.0
train-s12421	21	0.0
train-s12426	12	0.0
train-s12426	20	0.0
train-s12426	25	0.0
train-s12426	26	0.0
train-s12426	27	0.0
train-s12426	28	0.0
train-s12434	13	0.0
train-s12434	15	0.0
train-s12434	17	0.0
train-s12434	18	0.0
train-s12434	19	0.0
train-s12434	20	0.0
train-s12434	5	0.0
train-s12434	6	0.0
train-s12457	36	0.0
train-s12478	6	0.0
train-s12481	28	0.0
train-s12486	20	0.0
train-s12486	24	0.0
train-s12486	58	0.0
train-s12486	8	0.0
train-s12488	17	0.0
train-s12488	58	0.0
train-s12502	5	0.0
train-s12506	12	0.0
train-s12508	19	0.0
train-s12531	10	0.0
train-s12535	10	0.0
train-s12535	12	0.0
train-s12535	13	0.0
train-s12535	6	0.0
train-s1254	1	0.0
train-s1255	6	0.0
train-s12559	5	0.0
train-s12559	7	0.0
train-s12566	10	0.0
train-s12566	3	0.0
train-s12566	4	0.0
train-s12566	6	0.0
train-s12566	7	0.0
train-s12566	8	0.0
train-s12573	9	0.0
train-s1258	1	0.0
train-s12582	12	0.0
train-s12583	7	0.0
train-s12592	19	0.0
train-s12592	22	0.0
train-s1260	3	0.0
train-s12605	1	0.0
train-s12605	11	0.0
train-s12605	12	0.0
train-s12605	13	0.0
train-s12605	14	0.0
train-s12605	3	0.0
train-s12605	5	0.0
train-s12605	8	0.0
train-s12605	9	0.0
train-s12613	13	0.0
train-s12613	14	0.0
train-s12613	16	0.0
train-s12621	20	0.0
train-s1262	13	0.0
train-s1262	14	0.0
train-s1262	17	0.0
train-s1262	20	0.0
train-s1262	22	0.0
train-s1262	23	0.0
train-s1262	24	0.0
train-s126	3	0.0
train-s12632	1	0.0
train-s12638	1	0.0
train-s12638	4	0.0
train-s12641	17	0.0
train-s12643	1	0.0
train-s12643	13	0.0
train-s12643	18	0.0
train-s12643	23	0.0
train-s12643	28	0.0
train-s12643	3	0.0
train-s12643	33	0.0
train-s12643	38	0.0
train-s12643	48	0.0
train-s12658	1	0.0
train-s12658	10	0.0
train-s12658	11	0.0
train-s12658	12	0.0
train-s12658	13	0.0
train-s12658	14	0.0
train-s12658	2	0.0
train-s12658	5	0.0
train-s12671	42	0.0
train-s12672	14	0.0
train-s12680	26	0.0
train-s1268	13	0.0
train-s12682	11	0.0
train-s12690	7	0.0
train-s12690	8	0.0
train-s12699	13	0.0
train-s12699	14	0.0
train-s12699	16	0.0
train-s12699	17	0.0
train-s12699	18	0.0
train-s12699	25	0.0
train-s12699	9	0.0
train-s12710	10	0.0
train-s12710	9	0.0
train-s12722	12	0.0
train-s12722	14	0.0
train-s12722	18	0.0
train-s12722	28	0.0
train-s12722	6	0.0
train-s12729	2	0.0
train-s12734	16	0.0
train-s12737	13	0.0
train-s12737	15	0.0
train-s12747	7	0.0
train-s1275	21	0.0
train-s1275	28	0.0
train-s1275	3	0.0
train-s1275	4	0.0
train-s1275	8	0.0
train-s12761	5	0.0
train-s12761	6	0.0
train-s1276	17	0.0
train-s12761	7	0.0
train-s12761	8	0.0
train-s1276	21	0.0
train-s12765	16	0.0
train-s12765	9	0.0
train-s12766	4	0.0
train-s12766	43	0.0
train-s12770	20	0.0
train-s1277	31	0.0
train-s12774	26	0.0
train-s12774	29	0.0
train-s12774	31	0.0
train-s12776	15	0.0
train-s12776	17	0.0
train-s12780	7	0.0
train-s12783	10	0.0
train-s12783	9	0.0
train-s12792	10	0.0
train-s12	8	0.0
train-s12800	38	0.0
train-s12833	1	0.0
train-s12833	8	0.0
train-s12839	3	0.0
train-s12839	9	0.0
train-s12855	5	0.0
train-s12856	24	0.0
train-s12856	25	0.0
train-s12856	26	0.0
train-s12856	31	0.0
train-s12856	34	0.0
train-s12856	35	0.0
train-s12856	36	0.0
train-s12856	37	0.0
train-s12856	39	0.0
train-s12856	42	0.0
train-s12856	43	0.0
train-s12856	44	0.0
train-s12856	45	0.0
train-s12856	46	0.0
train-s12860	20	0.0
train-s12860	24	0.0
train-s12863	12	0.0
train-s12863	19	0.0
train-s12863	20	0.0
train-s12865	44	0.0
train-s12882	11	0.0
train-s12882	13	0.0
train-s12886	4	0.0
train-s12894	10	0.0
train-s12894	5	0.0
train-s12900	29	0.0
train-s12901	32	0.0
train-s12901	33	0.0
train-s12901	34	0.0
train-s12903	2	0.0
train-s1291	12	0.0
train-s12925	4	0.0
train-s12926	16	0.0
train-s12929	1	0.0
train-s12929	7	0.0
train-s12930	18	0.0
train-s12936	4	0.0
train-s12959	10	0.0
train-s12960	12	0.0
train-s1296	10	0.0
train-s1296	12	0.0
train-s1296	9	0.0
train-s12970	10	0.0
train-s12970	11	0.0
train-s12970	9	0.0
train-s13000	12	0.0
train-s13003	10	0.0
train-s13003	8	0.0
train-s13003	9	0.0
train-s13007	1	0.0
train-s13007	37	0.0
train-s13007	58	0.0
train-s13017	9	0.0
train-s13028	9	0.0
train-s13033	8	0.0
train-s13062	6	0.0
train-s13073	15	0.0
train-s13073	53	0.0
train-s13073	57	0.0
train-s13082	6	0.0
train-s13088	20	0.0
train-s13099	22	0.0
train-s13	1	0.0
train-s13107	17	0.0
train-s13125	2	0.0
train-s13128	37	0.0
train-s13137	28	0.0
train-s13	14	0.0
train-s13145	14	0.0
train-s13145	16	0.0
train-s13145	31	0.0
train-s13145	34	0.0
train-s13145	42	0.0
train-s13145	43	0.0
train-s13145	44	0.0
train-s13145	45	0.0
train-s13145	50	0.0
train-s13150	20	0.0
train-s1315	10	0.0
train-s1315	12	0.0
train-s1315	13	0.0
train-s1315	15	0.0
train-s1315	21	0.0
train-s1315	23	0.0
train-s1315	24	0.0
train-s1315	32	0.0
train-s1315	33	0.0
train-s1315	7	0.0
train-s1315	8	0.0
train-s13163	18	0.0
train-s13167	8	0.0
train-s13180	18	0.0
train-s1318	16	0.0
train-s13190	42	0.0
train-s13191	41	0.0
train-s13191	5	0.0
train-s13191	50	0.0
train-s13191	53	0.0
train-s13191	56	0.0
train-s13191	59	0.0
train-s13191	6	0.0
train-s13191	64	0.0
train-s13191	7	0.0
train-s13191	9	0.0
train-s13198	20	0.0
train-s13200	23	0.0
train-s13211	10	0.0
train-s13211	12	0.0
train-s13212	49	0.0
train-s13217	3	0.0
train-s13217	6	0.0
train-s13218	14	0.0
train-s13221	26	0.0
train-s13221	31	0.0
train-s13221	33	0.0
train-s13221	38	0.0
train-s13221	42	0.0
train-s13221	44	0.0
train-s13221	45	0.0
train-s13221	47	0.0
train-s13221	49	0.0
train-s13221	51	0.0
train-s13221	53	0.0
train-s13221	55	0.0
train-s13221	56	0.0
train-s1322	19	0.0
train-s1322	21	0.0
train-s13223	26	0.0
train-s13223	32	0.0
train-s13223	33	0.0
train-s13223	34	0.0
train-s13223	36	0.0
train-s13223	37	0.0
train-s13223	6	0.0
train-s1323	1	0.0
train-s13241	1	0.0
train-s1324	8	0.0
train-s13258	17	0.0
train-s13259	13	0.0
train-s13261	15	0.0
train-s13261	20	0.0
train-s13262	36	0.0
train-s13262	38	0.0
train-s13266	10	0.0
train-s13266	15	0.0
train-s13289	20	0.0
train-s13289	22	0.0
train-s13289	25	0.0
train-s13289	7	0.0
train-s1329	7	0.0
train-s13	3	0.0
train-s13	38	0.0
train-s13	5	0.0
train-s1359	14	0.0
train-s1370	11	0.0
train-s1381	10	0.0
train-s1381	12	0.0
train-s1381	5	0.0
train-s1381	6	0.0
train-s1381	8	0.0
train-s1381	9	0.0
train-s138	3	0.0
train-s1396	35	0.0
train-s1401	3	0.0
train-s1404	2	0.0
train-s1411	18	0.0
train-s1411	19	0.0
train-s1428	11	0.0
train-s1428	13	0.0
train-s1429	28	0.0
train-s1467	12	0.0
train-s1470	4	0.0
train-s1470	5	0.0
train-s1470	6	0.0
train-s1475	9	0.0
train-s1477	24	0.0
train-s1477	26	0.0
train-s148	1	0.0
train-s1481	1	0.0
train-s148	2	0.0
train-s148	3	0.0
train-s1488	15	0.0
train-s1492	22	0.0
train-s1492	4	0.0
train-s1503	24	0.0
train-s1503	3	0.0
train-s1524	23	0.0
train-s1535	2	0.0
train-s1536	14	0.0
train-s1536	26	0.0
train-s1536	35	0.0
train-s1536	36	0.0
train-s1536	37	0.0
train-s1536	41	0.0
train-s1544	12	0.0
train-s1545	19	0.0
train-s1547	18	0.0
train-s1548	5	0.0
train-s1549	13	0.0
train-s1549	22	0.0
train-s1549	8	0.0
train-s1555	2	0.0
train-s1556	29	0.0
train-s1556	30	0.0
train-s1557	6	0.0
train-s156	4	0.0
train-s157	14	0.0
train-s16	22	0.0
train-s1629	14	0.0
train-s1629	18	0.0
train-s1629	20	0.0
train-s1629	4	0.0
train-s1632	6	0.0
train-s1632	8	0.0
train-s164	12	0.0
train-s164	14	0.0
train-s164	16	0.0
train-s164	19	0.0
train-s164	22	0.0
train-s164	23	0.0
train-s1660	15	0.0
train-s1672	10	0.0
train-s1676	21	0.0
train-s1678	19	0.0
train-s1678	25	0.0
train-s1680	9	0.0
train-s1682	34	0.0
train-s1682	6	0.0
train-s1720	20	0.0
train-s1727	24	0.0
train-s1734	4	0.0
train-s1740	22	0.0
train-s1740	23	0.0
train-s174	1	0.0
train-s1767	1	0.0
train-s177	15	0.0
train-s177	4	0.0
train-s1812	27	0.0
train-s1812	7	0.0
train-s182	15	0.0
train-s1822	7	0.0
train-s1847	38	0.0
train-s1849	19	0.0
train-s1849	20	0.0
train-s1861	2	0.0
train-s1863	10	0.0
train-s1863	22	0.0
train-s1863	34	0.0
train-s1869	16	0.0
train-s1869	28	0.0
train-s1874	11	0.0
train-s1874	12	0.0
train-s1874	21	0.0
train-s188	17	0.0
train-s188	18	0.0
train-s1895	9	0.0
train-s190	5	0.0
train-s190	8	0.0
train-s1932	16	0.0
train-s1939	14	0.0
train-s1939	22	0.0
train-s1939	23	0.0
train-s1939	24	0.0
train-s1939	25	0.0
train-s1942	1	0.0
train-s1953	18	0.0
train-s1954	53	0.0
train-s1964	14	0.0
train-s1975	4	0.0
train-s1981	11	0.0
train-s1981	12	0.0
train-s1981	8	0.0
train-s1981	9	0.0
train-s1991	1	0.0
train-s1991	2	0.0
train-s1992	15	0.0
train-s2000	10	0.0
train-s2043	6	0.0
train-s2048	40	0.0
train-s2048	49	0.0
train-s2048	50	0.0
train-s2048	51	0.0
train-s2048	52	0.0
train-s2048	53	0.0
train-s2067	31	0.0
train-s2067	32	0.0
train-s2067	33	0.0
train-s2068	13	0.0
train-s2088	38	0.0
train-s2089	39	0.0
train-s2089	4	0.0
train-s2089	48	0.0
train-s2089	52	0.0
train-s2089	7	0.0
train-s209	11	0.0
train-s2116	39	0.0
train-s2122	13	0.0
train-s2130	7	0.0
train-s213	11	0.0
train-s213	12	0.0
train-s213	14	0.0
train-s213	5	0.0
train-s213	8	0.0
train-s213	9	0.0
train-s2151	6	0.0
train-s2152	6	0.0
train-s2155	20	0.0
train-s2158	14	0.0
train-s2160	17	0.0
train-s2160	19	0.0
train-s2160	20	0.0
train-s2160	21	0.0
train-s2160	36	0.0
train-s2160	37	0.0
train-s2185	7	0.0
train-s2189	10	0.0
train-s2189	11	0.0
train-s2189	7	0.0
train-s2189	9	0.0
train-s220	1	0.0
train-s220	2	0.0
train-s2202	10	0.0
train-s2224	8	0.0
train-s2280	1	0.0
train-s2280	3	0.0
train-s2293	10	0.0
train-s2293	15	0.0
train-s2293	4	0.0
train-s2305	5	0.0
train-s2318	11	0.0
train-s2318	14	0.0
train-s2329	11	0.0
train-s2329	28	0.0
train-s2333	11	0.0
train-s2334	25	0.0
train-s2334	29	0.0
train-s2334	32	0.0
train-s2334	33	0.0
train-s2334	34	0.0
train-s2334	5	0.0
train-s2349	16	0.0
train-s2351	10	0.0
train-s2351	28	0.0
train-s2354	2	0.0
train-s2357	4	0.0
train-s2357	5	0.0
train-s2366	1	0.0
train-s2376	25	0.0
train-s2391	17	0.0
train-s2391	2	0.0
train-s2395	23	0.0
train-s2400	12	0.0
train-s2400	17	0.0
train-s2407	18	0.0
train-s2407	20	0.0
train-s2407	21	0.0
train-s2408	19	0.0
train-s2408	20	0.0
train-s2423	12	0.0
train-s2423	9	0.0
train-s2428	7	0.0
train-s2435	18	0.0
train-s2435	7	0.0
train-s2435	9	0.0
train-s2441	16	0.0
train-s2454	1	0.0
train-s2458	3	0.0
train-s2462	30	0.0
train-s246	3	0.0
train-s2471	6	0.0
train-s2489	26	0.0
train-s2504	5	0.0
train-s2513	36	0.0
train-s2513	4	0.0
train-s2513	7	0.0
train-s2518	28	0.0
train-s2518	6	0.0
train-s2530	1	0.0
train-s2530	2	0.0
train-s2535	1	0.0
train-s2535	2	0.0
train-s2535	3	0.0
train-s2539	6	0.0
train-s2539	9	0.0
train-s2544	2	0.0
train-s2544	4	0.0
train-s2550	7	0.0
train-s2554	5	0.0
train-s2560	9	0.0
train-s2563	24	0.0
train-s2566	15	0.0
train-s2566	16	0.0
train-s2566	18	0.0
train-s2566	20	0.0
train-s2566	22	0.0
train-s2566	23	0.0
train-s2566	24	0.0
train-s2566	25	0.0
train-s2566	4	0.0
train-s2569	2	0.0
train-s2589	1	0.0
train-s2595	3	0.0
train-s2595	32	0.0
train-s2595	33	0.0
train-s2595	4	0.0
train-s2599	28	0.0
train-s2601	30	0.0
train-s2658	30	0.0
train-s2658	31	0.0
train-s2658	35	0.0
train-s2658	36	0.0
train-s2660	13	0.0
train-s2664	15	0.0
train-s2676	25	0.0
train-s2676	29	0.0
train-s2676	3	0.0
train-s2676	37	0.0
train-s2676	39	0.0
train-s2676	43	0.0
train-s2676	44	0.0
train-s2676	60	0.0
train-s2688	31	0.0
train-s2688	6	0.0
train-s2688	8	0.0
train-s2691	4	0.0
train-s2694	8	0.0
train-s2697	28	0.0
train-s2697	29	0.0
train-s2697	30	0.0
train-s2697	31	0.0
train-s2697	40	0.0
train-s2698	8	0.0
train-s2702	1	0.0
train-s2702	14	0.0
train-s2715	12	0.0
train-s2729	24	0.0
train-s2739	1	0.0
train-s2750	4	0.0
train-s2750	8	0.0
train-s2750	9	0.0
train-s2755	13	0.0
train-s2755	14	0.0
train-s2756	30	0.0
train-s2778	30	0.0
train-s2782	17	0.0
train-s2795	11	0.0
train-s2800	10	0.0
train-s2800	6	0.0
train-s2800	7	0.0
train-s2800	9	0.0
train-s2801	7	0.0
train-s2802	12	0.0
train-s2802	14	0.0
train-s2816	31	0.0
train-s2819	8	0.0
train-s2826	17	0.0
train-s2826	20	0.0
train-s2826	21	0.0
train-s2827	10	0.0
train-s2839	11	0.0
train-s2839	34	0.0
train-s2870	12	0.0
train-s2870	14	0.0
train-s2873	11	0.0
train-s2878	6	0.0
train-s2883	5	0.0
train-s2884	13	0.0
train-s2884	3	0.0
train-s2885	20	0.0
train-s2885	27	0.0
train-s2886	39	0.0
train-s2891	33	0.0
train-s2899	4	0.0
train-s2905	12	0.0
train-s2921	10	0.0
train-s293	10	0.0
train-s293	2	0.0
train-s293	9	0.0
train-s2946	16	0.0
train-s2949	3	0.0
train-s2953	12	0.0
train-s2953	15	0.0
train-s2953	2	0.0
train-s2953	6	0.0
train-s2953	7	0.0
train-s2956	23	0.0
train-s296	12	0.0
train-s2965	14	0.0
train-s2974	19	0.0
train-s2974	7	0.0
train-s2975	50	0.0
train-s2977	21	0.0
train-s2978	14	0.0
train-s2978	15	0.0
train-s2986	9	0.0
train-s300	2	0.0
train-s300	3	0.0
train-s300	4	0.0
train-s300	5	0.0
train-s3005	5	0.0
train-s300	6	0.0
train-s302	20	0.0
train-s302	21	0.0
train-s3024	6	0.0
train-s3026	39	0.0
train-s3035	14	0.0
train-s3035	23	0.0
train-s3036	9	0.0
train-s3044	18	0.0
train-s3044	8	0.0
train-s3047	11	0.0
train-s305	17	0.0
train-s3067	1	0.0
train-s3067	23	0.0
train-s3072	8	0.0
train-s3077	14	0.0
train-s3081	22	0.0
train-s3081	23	0.0
train-s3081	24	0.0
train-s3086	15	0.0
train-s3086	9	0.0
train-s3089	18	0.0
train-s3089	22	0.0
train-s3089	9	0.0
train-s3111	18	0.0
train-s313	14	0.0
train-s313	7	0.0
train-s3142	4	0.0
train-s3148	21	0.0
train-s3154	18	0.0
train-s3157	20	0.0
train-s3165	4	0.0
train-s3167	14	0.0
train-s3180	12	0.0
train-s3183	20	0.0
train-s3188	15	0.0
train-s3189	14	0.0
train-s3189	21	0.0
train-s3190	34	0.0
train-s3192	14	0.0
train-s3199	1	0.0
train-s3199	4	0.0
train-s3209	6	0.0
train-s3210	8	0.0
train-s3213	7	0.0
train-s3215	12	0.0
train-s3226	9	0.0
train-s3227	12	0.0
train-s3227	3	0.0
train-s3227	7	0.0
train-s3227	8	0.0
train-s3228	24	0.0
train-s3229	2	0.0
train-s3236	39	0.0
train-s3236	50	0.0
train-s3236	53	0.0
train-s3237	10	0.0
train-s3237	12	0.0
train-s3237	20	0.0
train-s3237	22	0.0
train-s3237	32	0.0
train-s3237	45	0.0
train-s3245	17	0.0
train-s3255	15	0.0
train-s3299	30	0.0
train-s3320	6	0.0
train-s3340	17	0.0
train-s3343	18	0.0
train-s3347	5	0.0
train-s3349	19	0.0
train-s3349	21	0.0
train-s3349	22	0.0
train-s3349	23	0.0
train-s3349	24	0.0
train-s3349	7	0.0
train-s3355	7	0.0
train-s3370	2	0.0
train-s3370	24	0.0
train-s3370	26	0.0
train-s3370	27	0.0
train-s3373	13	0.0
train-s3378	21	0.0
train-s3380	13	0.0
train-s3381	4	0.0
train-s3390	9	0.0
train-s3392	11	0.0
train-s3392	12	0.0
train-s3392	13	0.0
train-s3410	20	0.0
train-s3420	10	0.0
train-s34	22	0.0
train-s34	23	0.0
train-s3439	22	0.0
train-s3439	24	0.0
train-s3449	21	0.0
train-s3449	42	0.0
train-s3449	43	0.0
train-s3449	44	0.0
train-s3450	3	0.0
train-s3450	5	0.0
train-s3456	1	0.0
train-s3456	15	0.0
train-s3463	5	0.0
train-s3465	1	0.0
train-s3484	8	0.0
train-s3497	12	0.0
train-s3504	10	0.0
train-s3504	11	0.0
train-s3511	44	0.0
train-s3521	24	0.0
train-s353	17	0.0
train-s353	18	0.0
train-s353	20	0.0
train-s3534	37	0.0
train-s3550	5	0.0
train-s3564	18	0.0
train-s357	1	0.0
train-s3577	8	0.0
train-s3589	9	0.0
train-s3596	19	0.0
train-s3596	20	0.0
train-s3598	61	0.0
train-s3598	65	0.0
train-s3609	10	0.0
train-s3609	11	0.0
train-s3609	4	0.0
train-s3609	5	0.0
train-s362	14	0.0
train-s3628	8	0.0
train-s3630	27	0.0
train-s3639	34	0.0
train-s3641	1	0.0
train-s3641	14	0.0
train-s3641	15	0.0
train-s3641	17	0.0
train-s3641	22	0.0
train-s3641	26	0.0
train-s3641	27	0.0
train-s3641	39	0.0
train-s3641	45	0.0
train-s3641	46	0.0
train-s3641	47	0.0
train-s3641	58	0.0
train-s3641	65	0.0
train-s3641	68	0.0
train-s3641	70	0.0
train-s3641	8	0.0
train-s3648	41	0.0
train-s3648	6	0.0
train-s3648	8	0.0
train-s3651	11	0.0
train-s3651	12	0.0
train-s3651	13	0.0
train-s3651	14	0.0
train-s3651	4	0.0
train-s3651	5	0.0
train-s3651	6	0.0
train-s3651	7	0.0
train-s3653	10	0.0
train-s3653	7	0.0
train-s3653	8	0.0
train-s3653	9	0.0
train-s3658	7	0.0
train-s3687	24	0.0
train-s3702	2	0.0
train-s3702	32	0.0
train-s3702	41	0.0
train-s3708	18	0.0
train-s3709	41	0.0
train-s3719	20	0.0
train-s3719	22	0.0
train-s3719	30	0.0
train-s3719	31	0.0
train-s3736	16	0.0
train-s3736	17	0.0
train-s3736	18	0.0
train-s3753	18	0.0
train-s3758	5	0.0
train-s3773	14	0.0
train-s3776	13	0.0
train-s3778	21	0.0
train-s3778	31	0.0
train-s3778	32	0.0
train-s379	10	0.0
train-s3795	1	0.0
train-s3836	16	0.0
train-s3861	18	0.0
train-s3862	14	0.0
train-s3862	15	0.0
train-s3862	8	0.0
train-s3877	18	0.0
train-s3878	9	0.0
train-s388	1	0.0
train-s3881	19	0.0
train-s3881	20	0.0
train-s3882	10	0.0
train-s3892	14	0.0
train-s3896	16	0.0
train-s3907	12	0.0
train-s3907	17	0.0
train-s3907	3	0.0
train-s3907	4	0.0
train-s3918	15	0.0
train-s3949	21	0.0
train-s3966	26	0.0
train-s3971	10	0.0
train-s3980	16	0.0
train-s3980	24	0.0
train-s3980	29	0.0
train-s3980	30	0.0
train-s3980	4	0.0
train-s3983	13	0.0
train-s3987	11	0.0
train-s4005	1	0.0
train-s4005	3	0.0
train-s4005	4	0.0
train-s4016	7	0.0
train-s4030	4	0.0
train-s4054	16	0.0
train-s4056	14	0.0
train-s4056	15	0.0
train-s4056	18	0.0
train-s4069	33	0.0
train-s4075	39	0.0
train-s4081	52	0.0
train-s4084	31	0.0
train-s4089	12	0.0
train-s4089	13	0.0
train-s4089	14	0.0
train-s4089	9	0.0
train-s4090	12	0.0
train-s4090	15	0.0
train-s4090	17	0.0
train-s4090	20	0.0
train-s4090	3	0.0
train-s4093	5	0.0
train-s4099	21	0.0
train-s4103	2	0.0
train-s4103	4	0.0
train-s4111	6	0.0
train-s4111	7	0.0
train-s4112	11	0.0
train-s4112	15	0.0
train-s4122	8	0.0
train-s4123	31	0.0
train-s4123	35	0.0
train-s4123	37	0.0
train-s4128	9	0.0
train-s4129	17	0.0
train-s4131	18	0.0
train-s4131	7	0.0
train-s4133	15	0.0
train-s4146	23	0.0
train-s4146	25	0.0
train-s4153	25	0.0
train-s4161	23	0.0
train-s4172	16	0.0
train-s4175	19	0.0
train-s4175	20	0.0
train-s4175	21	0.0
train-s4175	26	0.0
train-s4175	27	0.0
train-s4175	28	0.0
train-s4175	29	0.0
train-s4178	34	0.0
train-s42	1	0.0
train-s4239	10	0.0
train-s4241	26	0.0
train-s4241	27	0.0
train-s4244	21	0.0
train-s4244	31	0.0
train-s4258	3	0.0
train-s426	6	0.0
train-s427	12	0.0
train-s4272	22	0.0
train-s4272	45	0.0
train-s4293	22	0.0
train-s4293	23	0.0
train-s4296	29	0.0
train-s4296	32	0.0
train-s4317	12	0.0
train-s4336	4	0.0
train-s4336	5	0.0
train-s4339	1	0.0
train-s4342	5	0.0
train-s4344	29	0.0
train-s4344	4	0.0
train-s4344	8	0.0
train-s4344	9	0.0
train-s4353	14	0.0
train-s4353	18	0.0
train-s4356	12	0.0
train-s4356	7	0.0
train-s4356	9	0.0
train-s436	12	0.0
train-s4362	10	0.0
train-s4374	1	0.0
train-s4374	11	0.0
train-s4374	17	0.0
train-s4374	19	0.0
train-s4374	20	0.0
train-s4374	21	0.0
train-s4374	22	0.0
train-s4374	23	0.0
train-s4374	6	0.0
train-s4385	23	0.0
train-s4389	11	0.0
train-s4402	5	0.0
train-s4405	8	0.0
train-s4408	28	0.0
train-s4408	32	0.0
train-s4413	26	0.0
train-s4413	34	0.0
train-s4414	46	0.0
train-s4414	58	0.0
train-s4414	6	0.0
train-s4416	10	0.0
train-s4418	26	0.0
train-s4418	27	0.0
train-s4422	5	0.0
train-s4425	14	0.0
train-s4426	17	0.0
train-s4437	8	0.0
train-s4442	3	0.0
train-s4442	5	0.0
train-s4445	12	0.0
train-s4474	1	0.0
train-s4513	23	0.0
train-s4513	26	0.0
train-s4513	27	0.0
train-s4513	30	0.0
train-s4513	33	0.0
train-s4513	34	0.0
train-s4513	35	0.0
train-s4518	10	0.0
train-s4528	20	0.0
train-s4529	5	0.0
train-s4536	7	0.0
train-s4564	30	0.0
train-s4567	10	0.0
train-s4567	12	0.0
train-s4567	16	0.0
train-s4567	18	0.0
train-s4567	4	0.0
train-s4567	5	0.0
train-s4568	40	0.0
train-s4568	41	0.0
train-s4574	2	0.0
train-s4574	3	0.0
train-s4575	28	0.0
train-s4578	4	0.0
train-s4579	3	0.0
train-s4583	10	0.0
train-s4584	13	0.0
train-s4607	20	0.0
train-s4607	21	0.0
train-s4612	25	0.0
train-s461	5	0.0
train-s46	30	0.0
train-s4631	8	0.0
train-s4631	9	0.0
train-s4634	12	0.0
train-s4634	21	0.0
train-s4637	27	0.0
train-s4638	20	0.0
train-s4648	7	0.0
train-s4652	23	0.0
train-s4656	1	0.0
train-s4656	3	0.0
train-s4656	5	0.0
train-s4659	9	0.0
train-s4666	17	0.0
train-s4668	18	0.0
train-s4668	22	0.0
train-s4674	21	0.0
train-s4677	17	0.0
train-s4709	12	0.0
train-s4710	13	0.0
train-s4718	7	0.0
train-s4719	3	0.0
train-s4722	6	0.0
train-s4740	31	0.0
train-s4740	7	0.0
train-s474	8	0.0
train-s4751	12	0.0
train-s4751	6	0.0
train-s4751	9	0.0
train-s475	5	0.0
train-s4769	9	0.0
train-s4775	18	0.0
train-s478	6	0.0
train-s4812	23	0.0
train-s4821	11	0.0
train-s4821	15	0.0
train-s4821	2	0.0
train-s4823	1	0.0
train-s4833	18	0.0
train-s4840	27	0.0
train-s4843	18	0.0
train-s4851	9	0.0
train-s485	6	0.0
train-s4857	11	0.0
train-s4867	19	0.0
train-s4870	10	0.0
train-s4870	11	0.0
train-s4870	14	0.0
train-s4870	19	0.0
train-s4870	20	0.0
train-s4870	21	0.0
train-s4870	22	0.0
train-s4870	23	0.0
train-s4870	24	0.0
train-s4870	25	0.0
train-s4870	26	0.0
train-s4870	29	0.0
train-s4870	31	0.0
train-s4870	35	0.0
train-s4870	37	0.0
train-s4870	39	0.0
train-s4870	40	0.0
train-s4882	14	0.0
train-s4882	17	0.0
train-s4882	19	0.0
train-s4892	43	0.0
train-s4897	7	0.0
train-s4902	11	0.0
train-s4911	10	0.0
train-s4914	1	0.0
train-s4934	24	0.0
train-s4939	6	0.0
train-s4968	10	0.0
train-s5007	10	0.0
train-s5007	37	0.0
train-s5007	38	0.0
train-s5011	5	0.0
train-s5011	8	0.0
train-s5026	3	0.0
train-s5029	27	0.0
train-s5032	14	0.0
train-s5032	6	0.0
train-s504	4	0.0
train-s5053	15	0.0
train-s5068	10	0.0
train-s5070	19	0.0
train-s5074	2	0.0
train-s5074	3	0.0
train-s5074	4	0.0
train-s5086	1	0.0
train-s5093	24	0.0
train-s5093	25	0.0
train-s5102	14	0.0
train-s5102	21	0.0
train-s5108	4	0.0
train-s5110	7	0.0
train-s5115	38	0.0
train-s512	10	0.0
train-s512	9	0.0
train-s5134	7	0.0
train-s5137	2	0.0
train-s5140	3	0.0
train-s5141	36	0.0
train-s5142	1	0.0
train-s5145	2	0.0
train-s5146	28	0.0
train-s5151	7	0.0
train-s5154	5	0.0
train-s5154	6	0.0
train-s5159	15	0.0
train-s5159	27	0.0
train-s5159	3	0.0
train-s516	15	0.0
train-s516	16	0.0
train-s516	7	0.0
train-s5172	27	0.0
train-s5173	16	0.0
train-s5174	22	0.0
train-s5177	11	0.0
train-s5177	13	0.0
train-s5177	29	0.0
train-s5182	20	0.0
train-s5183	5	0.0
train-s5213	15	0.0
train-s5213	16	0.0
train-s5213	17	0.0
train-s5213	19	0.0
train-s5213	21	0.0
train-s5213	22	0.0
train-s5221	6	0.0
train-s5221	7	0.0
train-s5223	5	0.0
train-s5224	12	0.0
train-s5224	15	0.0
train-s5224	20	0.0
train-s5226	1	0.0
train-s5226	9	0.0
train-s5231	10	0.0
train-s5240	3	0.0
train-s5262	23	0.0
train-s5267	19	0.0
train-s5271	4	0.0
train-s5272	12	0.0
train-s5272	7	0.0
train-s5272	9	0.0
train-s5273	11	0.0
train-s5273	12	0.0
train-s5273	13	0.0
train-s5276	11	0.0
train-s5276	12	0.0
train-s5279	6	0.0
train-s5301	10	0.0
train-s5302	10	0.0
train-s5302	12	0.0
train-s5302	13	0.0
train-s5302	14	0.0
train-s5302	15	0.0
train-s5302	18	0.0
train-s5302	8	0.0
train-s5315	31	0.0
train-s5315	32	0.0
train-s5324	13	0.0
train-s5348	6	0.0
train-s5350	10	0.0
train-s5350	11	0.0
train-s5354	15	0.0
train-s5356	2	0.0
train-s5363	9	0.0
train-s5364	12	0.0
train-s5371	27	0.0
train-s5375	3	0.0
train-s5377	14	0.0
train-s5382	1	0.0
train-s5382	107	0.0
train-s5382	16	0.0
train-s5382	30	0.0
train-s5382	31	0.0
train-s5382	45	0.0
train-s5382	46	0.0
train-s5382	47	0.0
train-s5382	50	0.0
train-s5382	58	0.0
train-s5382	66	0.0
train-s5382	67	0.0
train-s5382	7	0.0
train-s5382	70	0.0
train-s5382	74	0.0
train-s5382	79	0.0
train-s5382	8	0.0
train-s5382	80	0.0
train-s5382	83	0.0
train-s5382	93	0.0
train-s5382	95	0.0
train-s5382	96	0.0
train-s5388	14	0.0
train-s5399	11	0.0
train-s5406	11	0.0
train-s5406	12	0.0
train-s5406	14	0.0
train-s5406	31	0.0
train-s5406	38	0.0
train-s5406	40	0.0
train-s5406	42	0.0
train-s5406	46	0.0
train-s5406	47	0.0
train-s5406	49	0.0
train-s5406	52	0.0
train-s5406	53	0.0
train-s5417	22	0.0
train-s5419	27	0.0
train-s5419	28	0.0
train-s5427	3	0.0
train-s5442	15	0.0
train-s5443	18	0.0
train-s5448	5	0.0
train-s5465	10	0.0
train-s5465	5	0.0
train-s5472	16	0.0
train-s5472	35	0.0
train-s5473	10	0.0
train-s5479	15	0.0
train-s5479	25	0.0
train-s5479	32	0.0
train-s5483	19	0.0
train-s5488	7	0.0
train-s5489	2	0.0
train-s5491	16	0.0
train-s5491	8	0.0
train-s5501	10	0.0
train-s5501	11	0.0
train-s5501	12	0.0
train-s5501	13	0.0
train-s5501	8	0.0
train-s5501	9	0.0
train-s5520	23	0.0
train-s5529	8	0.0
train-s553	11	0.0
train-s5534	10	0.0
train-s5534	11	0.0
train-s5534	9	0.0
train-s5535	4	0.0
train-s553	7	0.0
train-s5537	6	0.0
train-s5550	12	0.0
train-s5550	14	0.0
train-s5550	19	0.0
train-s5550	22	0.0
train-s5550	31	0.0
train-s5550	35	0.0
train-s5550	6	0.0
train-s555	8	0.0
train-s5568	12	0.0
train-s5571	4	0.0
train-s5595	39	0.0
train-s5595	40	0.0
train-s5595	41	0.0
train-s5600	11	0.0
train-s5619	2	0.0
train-s5621	6	0.0
train-s5623	21	0.0
train-s5632	15	0.0
train-s5632	16	0.0
train-s5632	17	0.0
train-s5632	18	0.0
train-s5632	19	0.0
train-s5632	20	0.0
train-s5632	28	0.0
train-s5632	31	0.0
train-s5632	33	0.0
train-s5632	35	0.0
train-s5632	36	0.0
train-s5639	27	0.0
train-s564	38	0.0
train-s5646	5	0.0
train-s566	10	0.0
train-s5661	10	0.0
train-s5661	11	0.0
train-s5661	16	0.0
train-s5661	18	0.0
train-s5661	19	0.0
train-s5661	20	0.0
train-s566	9	0.0
train-s5673	5	0.0
train-s5681	15	0.0
train-s5681	7	0.0
train-s5684	8	0.0
train-s5692	23	0.0
train-s5700	14	0.0
train-s570	4	0.0
train-s5707	11	0.0
train-s5707	13	0.0
train-s5707	16	0.0
train-s5707	17	0.0
train-s5707	18	0.0
train-s5714	4	0.0
train-s5714	59	0.0
train-s5719	22	0.0
train-s572	17	0.0
train-s5731	25	0.0
train-s5737	21	0.0
train-s5746	27	0.0
train-s5749	35	0.0
train-s5751	11	0.0
train-s5756	4	0.0
train-s5756	5	0.0
train-s5759	13	0.0
train-s5759	15	0.0
train-s5759	16	0.0
train-s5759	17	0.0
train-s577	7	0.0
train-s579	1	0.0
train-s5803	1	0.0
train-s5803	10	0.0
train-s5803	13	0.0
train-s5803	15	0.0
train-s5803	18	0.0
train-s5803	2	0.0
train-s5803	24	0.0
train-s5803	38	0.0
train-s5803	4	0.0
train-s5803	5	0.0
train-s5803	7	0.0
train-s5813	4	0.0
train-s5816	25	0.0
train-s5817	13	0.0
train-s5824	4	0.0
train-s5824	5	0.0
train-s582	7	0.0
train-s5827	8	0.0
train-s5838	12	0.0
train-s5838	33	0.0
train-s5849	13	0.0
train-s5851	11	0.0
train-s5853	41	0.0
train-s5858	31	0.0
train-s5867	5	0.0
train-s5876	13	0.0
train-s5878	14	0.0
train-s5878	15	0.0
train-s5893	12	0.0
train-s5898	14	0.0
train-s5898	33	0.0
train-s5898	34	0.0
train-s5898	45	0.0
train-s5901	15	0.0
train-s5907	3	0.0
train-s5907	37	0.0
train-s5908	12	0.0
train-s5912	8	0.0
train-s5919	28	0.0
train-s5919	30	0.0
train-s5924	50	0.0
train-s5931	23	0.0
train-s5931	27	0.0
train-s5931	34	0.0
train-s5941	14	0.0
train-s5944	19	0.0
train-s5951	20	0.0
train-s5954	13	0.0
train-s5954	38	0.0
train-s5954	9	0.0
train-s5955	22	0.0
train-s5959	8	0.0
train-s596	36	0.0
train-s596	4	0.0
train-s5968	7	0.0
train-s5968	9	0.0
train-s5970	15	0.0
train-s5970	16	0.0
train-s5981	4	0.0
train-s6008	20	0.0
train-s6008	22	0.0
train-s6011	10	0.0
train-s6014	3	0.0
train-s6026	41	0.0
train-s6036	11	0.0
train-s6036	6	0.0
train-s6037	25	0.0
train-s6048	19	0.0
train-s6057	7	0.0
train-s6064	16	0.0
train-s6075	32	0.0
train-s6075	35	0.0
train-s6075	36	0.0
train-s6083	18	0.0
train-s6086	11	0.0
train-s6086	12	0.0
train-s6086	3	0.0
train-s6092	27	0.0
train-s6095	14	0.0
train-s6095	15	0.0
train-s6104	31	0.0
train-s6107	19	0.0
train-s6132	15	0.0
train-s6155	13	0.0
train-s6157	5	0.0
train-s6164	23	0.0
train-s616	7	0.0
train-s6168	10	0.0
train-s6168	11	0.0
train-s6168	6	0.0
train-s6171	12	0.0
train-s6171	13	0.0
train-s6171	14	0.0
train-s6171	15	0.0
train-s6171	16	0.0
train-s6171	8	0.0
train-s6172	6	0.0
train-s6195	12	0.0
train-s6198	8	0.0
train-s6216	22	0.0
train-s6218	16	0.0
train-s6231	16	0.0
train-s6233	30	0.0
train-s6233	31	0.0
train-s6237	11	0.0
train-s6237	13	0.0
train-s6237	15	0.0
train-s6237	16	0.0
train-s6237	17	0.0
train-s6239	13	0.0
train-s6240	22	0.0
train-s6240	23	0.0
train-s6244	1	0.0
train-s6244	2	0.0
train-s6244	3	0.0
train-s6244	4	0.0
train-s6264	21	0.0
train-s6264	22	0.0
train-s6273	10	0.0
train-s6273	12	0.0
train-s6280	14	0.0
train-s6280	18	0.0
train-s6280	2	0.0
train-s6280	21	0.0
train-s6280	26	0.0
train-s6280	9	0.0
train-s6282	37	0.0
train-s6283	8	0.0
train-s6290	8	0.0
train-s6300	4	0.0
train-s6301	11	0.0
train-s6329	18	0.0
train-s6334	20	0.0
train-s633	5	0.0
train-s633	7	0.0
train-s6341	6	0.0
train-s6344	7	0.0
train-s6347	32	0.0
train-s6360	25	0.0
train-s6361	12	0.0
train-s6366	24	0.0
train-s6366	27	0.0
train-s6366	42	0.0
train-s6366	46	0.0
train-s6370	1	0.0
train-s6370	3	0.0
train-s6378	24	0.0
train-s6415	27	0.0
train-s6419	1	0.0
train-s6419	13	0.0
train-s6419	25	0.0
train-s6419	27	0.0
train-s6419	31	0.0
train-s6419	39	0.0
train-s6419	41	0.0
train-s6419	49	0.0
train-s6444	2	0.0
train-s6454	50	0.0
train-s6464	10	0.0
train-s6481	12	0.0
train-s6481	13	0.0
train-s6481	14	0.0
train-s6481	7	0.0
train-s6481	8	0.0
train-s6484	14	0.0
train-s6498	2	0.0
train-s6509	9	0.0
train-s6526	10	0.0
train-s6526	12	0.0
train-s6537	11	0.0
train-s6539	9	0.0
train-s6546	34	0.0
train-s655	3	0.0
train-s6553	11	0.0
train-s6557	6	0.0
train-s6560	23	0.0
train-s6560	27	0.0
train-s6578	27	0.0
train-s659	35	0.0
train-s659	37	0.0
train-s6595	10	0.0
train-s6595	16	0.0
train-s6600	21	0.0
train-s6609	24	0.0
train-s6609	26	0.0
train-s6609	27	0.0
train-s6609	28	0.0
train-s6609	29	0.0
train-s6609	6	0.0
train-s661	10	0.0
train-s6618	16	0.0
train-s6627	21	0.0
train-s6655	1	0.0
train-s6655	38	0.0
train-s6660	27	0.0
train-s6663	16	0.0
train-s6663	17	0.0
train-s6663	18	0.0
train-s6663	28	0.0
train-s6663	31	0.0
train-s6663	34	0.0
train-s6666	16	0.0
train-s6681	27	0.0
train-s6686	2	0.0
train-s6690	22	0.0
train-s6690	24	0.0
train-s6695	12	0.0
train-s6697	11	0.0
train-s6697	12	0.0
train-s6697	13	0.0
train-s6697	9	0.0
train-s6714	10	0.0
train-s6714	11	0.0
train-s6719	4	0.0
train-s6719	5	0.0
train-s6721	16	0.0
train-s6732	7	0.0
train-s6734	12	0.0
train-s6737	5	0.0
train-s674	2	0.0
train-s6742	9	0.0
train-s6746	20	0.0
train-s6746	22	0.0
train-s6750	11	0.0
train-s6767	2	0.0
train-s6774	19	0.0
train-s6774	20	0.0
train-s6774	30	0.0
train-s6774	41	0.0
train-s6774	43	0.0
train-s6774	49	0.0
train-s6774	56	0.0
train-s6776	33	0.0
train-s6782	23	0.0
train-s6789	15	0.0
train-s680	15	0.0
train-s6807	10	0.0
train-s6807	11	0.0
train-s6807	13	0.0
train-s6807	8	0.0
train-s6810	2	0.0
train-s6834	19	0.0
train-s6834	2	0.0
train-s684	10	0.0
train-s684	12	0.0
train-s6854	10	0.0
train-s6854	9	0.0
train-s6856	32	0.0
train-s6859	37	0.0
train-s6859	39	0.0
train-s6869	25	0.0
train-s6870	5	0.0
train-s6882	14	0.0
train-s6882	16	0.0
train-s6885	8	0.0
train-s688	6	0.0
train-s6892	20	0.0
train-s6892	28	0.0
train-s6900	24	0.0
train-s6906	9	0.0
train-s6912	9	0.0
train-s6915	34	0.0
train-s6915	36	0.0
train-s6925	21	0.0
train-s6932	22	0.0
train-s6932	23	0.0
train-s6932	27	0.0
train-s6932	29	0.0
train-s6932	37	0.0
train-s6932	9	0.0
train-s6937	34	0.0
train-s6937	35	0.0
train-s6937	37	0.0
train-s6953	19	0.0
train-s6962	3	0.0
train-s6963	17	0.0
train-s6968	11	0.0
train-s6973	2	0.0
train-s6993	10	0.0
train-s6993	11	0.0
train-s6993	12	0.0
train-s6993	13	0.0
train-s6993	14	0.0
train-s6993	18	0.0
train-s6993	19	0.0
train-s6993	23	0.0
train-s6993	28	0.0
train-s6994	8	0.0
train-s6995	5	0.0
train-s7000	4	0.0
train-s7002	18	0.0
train-s7004	18	0.0
train-s7005	18	0.0
train-s7005	34	0.0
train-s7012	10	0.0
train-s7014	3	0.0
train-s7017	9	0.0
train-s7018	3	0.0
train-s7019	8	0.0
train-s7020	19	0.0
train-s7024	15	0.0
train-s7024	23	0.0
train-s7024	25	0.0
train-s7038	11	0.0
train-s7038	5	0.0
train-s7042	5	0.0
train-s7090	9	0.0
train-s7096	31	0.0
train-s710	12	0.0
train-s710	15	0.0
train-s710	17	0.0
train-s7108	10	0.0
train-s7108	4	0.0
train-s7108	6	0.0
train-s7108	7	0.0
train-s7123	17	0.0
train-s7123	18	0.0
train-s7130	10	0.0
train-s7130	8	0.0
train-s7151	12	0.0
train-s7151	7	0.0
train-s7177	10	0.0
train-s7187	11	0.0
train-s7188	16	0.0
train-s7190	41	0.0
train-s719	21	0.0
train-s7192	16	0.0
train-s7201	14	0.0
train-s7208	15	0.0
train-s7214	43	0.0
train-s7229	5	0.0
train-s7229	6	0.0
train-s7231	12	0.0
train-s7231	16	0.0
train-s7231	17	0.0
train-s7237	13	0.0
train-s7239	2	0.0
train-s7239	5	0.0
train-s7239	6	0.0
train-s7248	16	0.0
train-s7251	12	0.0
train-s7263	8	0.0
train-s7266	8	0.0
train-s7271	18	0.0
train-s7280	29	0.0
train-s7284	17	0.0
train-s7298	18	0.0
train-s7298	21	0.0
train-s7298	22	0.0
train-s7298	24	0.0
train-s7304	14	0.0
train-s7305	22	0.0
train-s7308	14	0.0
train-s7309	14	0.0
train-s7309	16	0.0
train-s7324	10	0.0
train-s733	12	0.0
train-s733	14	0.0
train-s7332	17	0.0
train-s7336	7	0.0
train-s7336	8	0.0
train-s7339	13	0.0
train-s7339	19	0.0
train-s7339	20	0.0
train-s7339	26	0.0
train-s7352	11	0.0
train-s7363	1	0.0
train-s7366	4	0.0
train-s7366	5	0.0
train-s7367	3	0.0
train-s7369	9	0.0
train-s737	27	0.0
train-s7382	16	0.0
train-s7386	22	0.0
train-s7386	34	0.0
train-s7400	18	0.0
train-s7422	48	0.0
train-s7430	1	0.0
train-s743	18	0.0
train-s7434	17	0.0
train-s746	22	0.0
train-s7467	19	0.0
train-s7478	15	0.0
train-s7481	6	0.0
train-s7481	7	0.0
train-s7504	12	0.0
train-s7504	13	0.0
train-s7520	2	0.0
train-s7520	4	0.0
train-s7520	9	0.0
train-s7527	3	0.0
train-s7527	4	0.0
train-s7535	26	0.0
train-s7535	28	0.0
train-s7555	18	0.0
train-s7559	32	0.0
train-s7572	10	0.0
train-s7581	18	0.0
train-s7588	21	0.0
train-s7588	30	0.0
train-s7595	1	0.0
train-s7609	3	0.0
train-s7621	22	0.0
train-s7621	33	0.0
train-s7631	5	0.0
train-s7631	7	0.0
train-s7633	12	0.0
train-s7657	18	0.0
train-s7675	6	0.0
train-s7676	10	0.0
train-s7676	7	0.0
train-s7676	8	0.0
train-s7676	9	0.0
train-s7691	12	0.0
train-s7691	7	0.0
train-s7694	21	0.0
train-s7694	23	0.0
train-s7696	16	0.0
train-s7697	53	0.0
train-s7702	12	0.0
train-s7702	15	0.0
train-s7702	5	0.0
train-s7709	5	0.0
train-s7712	31	0.0
train-s7712	32	0.0
train-s7712	43	0.0
train-s7736	10	0.0
train-s7739	19	0.0
train-s7739	36	0.0
train-s7739	38	0.0
train-s7739	44	0.0
train-s7742	29	0.0
train-s7750	2	0.0
train-s7750	3	0.0
train-s7753	12	0.0
train-s7753	13	0.0
train-s7753	15	0.0
train-s7753	16	0.0
train-s7753	9	0.0
train-s7754	11	0.0
train-s7754	13	0.0
train-s7754	16	0.0
train-s7754	19	0.0
train-s7754	63	0.0
train-s7754	72	0.0
train-s7756	12	0.0
train-s7756	29	0.0
train-s7760	2	0.0
train-s7760	29	0.0
train-s7763	34	0.0
train-s7766	1	0.0
train-s7766	2	0.0
train-s7766	3	0.0
train-s7766	4	0.0
train-s7766	6	0.0
train-s7787	13	0.0
train-s7797	15	0.0
train-s7804	16	0.0
train-s7804	19	0.0
train-s7812	14	0.0
train-s7812	48	0.0
train-s7812	5	0.0
train-s7817	14	0.0
train-s7817	21	0.0
train-s7837	13	0.0
train-s7837	15	0.0
train-s7837	16	0.0
train-s784	12	0.0
train-s7844	27	0.0
train-s7847	16	0.0
train-s7848	17	0.0
train-s7856	11	0.0
train-s7856	14	0.0
train-s7856	19	0.0
train-s7874	16	0.0
train-s7874	37	0.0
train-s7901	14	0.0
train-s7909	39	0.0
train-s7911	4	0.0
train-s7912	26	0.0
train-s7915	10	0.0
train-s7928	26	0.0
train-s7936	11	0.0
train-s7936	9	0.0
train-s7940	14	0.0
train-s7942	13	0.0
train-s7960	8	0.0
train-s7960	9	0.0
train-s7961	12	0.0
train-s7961	32	0.0
train-s7968	18	0.0
train-s7968	30	0.0
train-s7977	1	0.0
train-s7977	3	0.0
train-s7977	4	0.0
train-s7977	5	0.0
train-s7977	6	0.0
train-s7979	5	0.0
train-s7980	15	0.0
train-s7980	17	0.0
train-s7980	18	0.0
train-s7980	19	0.0
train-s7992	25	0.0
train-s8000	11	0.0
train-s8002	8	0.0
train-s8002	9	0.0
train-s8023	12	0.0
train-s8027	22	0.0
train-s8050	24	0.0
train-s8050	28	0.0
train-s805	4	0.0
train-s8054	24	0.0
train-s8054	25	0.0
train-s8054	68	0.0
train-s8054	70	0.0
train-s8059	13	0.0
train-s8061	11	0.0
train-s8061	7	0.0
train-s8061	8	0.0
train-s8061	9	0.0
train-s8074	19	0.0
train-s8078	20	0.0
train-s8081	18	0.0
train-s8081	8	0.0
train-s8097	12	0.0
train-s8097	28	0.0
train-s8097	36	0.0
train-s8106	15	0.0
train-s8110	8	0.0
train-s8120	29	0.0
train-s8121	14	0.0
train-s8123	13	0.0
train-s8123	9	0.0
train-s8159	5	0.0
train-s8162	2	0.0
train-s8166	26	0.0
train-s8166	28	0.0
train-s8166	31	0.0
train-s8166	32	0.0
train-s8177	3	0.0
train-s8178	13	0.0
train-s8179	2	0.0
train-s8196	6	0.0
train-s8	2	0.0
train-s821	20	0.0
train-s8214	10	0.0
train-s8214	7	0.0
train-s8214	9	0.0
train-s8224	10	0.0
train-s8224	4	0.0
train-s8224	5	0.0
train-s8224	6	0.0
train-s8224	7	0.0
train-s8224	8	0.0
train-s8224	9	0.0
train-s8231	6	0.0
train-s8236	31	0.0
train-s8268	24	0.0
train-s8272	18	0.0
train-s8294	33	0.0
train-s8295	2	0.0
train-s8306	35	0.0
train-s8306	40	0.0
train-s8306	46	0.0
train-s8306	47	0.0
train-s8306	49	0.0
train-s8306	54	0.0
train-s8314	44	0.0
train-s8316	1	0.0
train-s8316	16	0.0
train-s8316	20	0.0
train-s8316	23	0.0
train-s8316	25	0.0
train-s8316	27	0.0
train-s8316	28	0.0
train-s8316	6	0.0
train-s8316	7	0.0
train-s8326	26	0.0
train-s8326	27	0.0
train-s8326	28	0.0
train-s8345	14	0.0
train-s8349	9	0.0
train-s836	14	0.0
train-s836	17	0.0
train-s8385	13	0.0
train-s8394	10	0.0
train-s8394	12	0.0
train-s8394	9	0.0
train-s8397	16	0.0
train-s8397	22	0.0
train-s8418	4	0.0
train-s8424	28	0.0
train-s8424	30	0.0
train-s8424	31	0.0
train-s8432	1	0.0
train-s8432	14	0.0
train-s8432	16	0.0
train-s8432	8	0.0
train-s8433	10	0.0
train-s8433	11	0.0
train-s8433	3	0.0
train-s8433	5	0.0
train-s8433	6	0.0
train-s8433	7	0.0
train-s8433	8	0.0
train-s8433	9	0.0
train-s8438	13	0.0
train-s845	1	0.0
train-s845	2	0.0
train-s8452	21	0.0
train-s8452	22	0.0
train-s8452	5	0.0
train-s845	3	0.0
train-s845	4	0.0
train-s8454	24	0.0
train-s8456	16	0.0
train-s8458	11	0.0
train-s8468	11	0.0
train-s8470	16	0.0
train-s8474	30	0.0
train-s8474	38	0.0
train-s8482	16	0.0
train-s8515	25	0.0
train-s8515	4	0.0
train-s85	17	0.0
train-s8518	6	0.0
train-s8519	1	0.0
train-s8519	17	0.0
train-s8519	4	0.0
train-s8520	23	0.0
train-s8538	13	0.0
train-s85	4	0.0
train-s85	5	0.0
train-s855	7	0.0
train-s8558	9	0.0
train-s8559	11	0.0
train-s8565	13	0.0
train-s8575	30	0.0
train-s8575	33	0.0
train-s8575	36	0.0
train-s8575	4	0.0
train-s8578	8	0.0
train-s8584	29	0.0
train-s8584	31	0.0
train-s8590	12	0.0
train-s8590	16	0.0
train-s8590	17	0.0
train-s8596	14	0.0
train-s8596	15	0.0
train-s8596	16	0.0
train-s8596	18	0.0
train-s8598	18	0.0
train-s8601	11	0.0
train-s8601	12	0.0
train-s8601	13	0.0
train-s8601	19	0.0
train-s8606	12	0.0
train-s860	7	0.0
train-s8621	18	0.0
train-s8632	14	0.0
train-s8632	15	0.0
train-s8632	16	0.0
train-s864	20	0.0
train-s8660	5	0.0
train-s8670	25	0.0
train-s8670	40	0.0
train-s8674	10	0.0
train-s8674	9	0.0
train-s868	2	0.0
train-s869	2	0.0
train-s8692	28	0.0
train-s8692	33	0.0
train-s8709	41	0.0
train-s8723	9	0.0
train-s8729	3	0.0
train-s8734	7	0.0
train-s8736	35	0.0
train-s8749	16	0.0
train-s8758	20	0.0
train-s8758	28	0.0
train-s8767	37	0.0
train-s8777	16	0.0
train-s8778	4	0.0
train-s8788	16	0.0
train-s8788	18	0.0
train-s8788	20	0.0
train-s8788	21	0.0
train-s8788	22	0.0
train-s8790	36	0.0
train-s8794	27	0.0
train-s8799	17	0.0
train-s8802	17	0.0
train-s8806	12	0.0
train-s882	36	0.0
train-s8835	23	0.0
train-s8835	9	0.0
train-s8843	19	0.0
train-s8864	18	0.0
train-s8864	3	0.0
train-s8868	38	0.0
train-s8912	26	0.0
train-s8912	31	0.0
train-s8912	32	0.0
train-s8912	33	0.0
train-s8917	3	0.0
train-s8936	6	0.0
train-s8937	1	0.0
train-s8937	15	0.0
train-s8937	42	0.0
train-s8938	9	0.0
train-s895	18	0.0
train-s8977	4	0.0
train-s8977	8	0.0
train-s8978	11	0.0
train-s8978	7	0.0
train-s8978	8	0.0
train-s8978	9	0.0
train-s8996	34	0.0
train-s9011	7	0.0
train-s9017	16	0.0
train-s9017	4	0.0
train-s9018	5	0.0
train-s9033	4	0.0
train-s9033	48	0.0
train-s9054	1	0.0
train-s9054	2	0.0
train-s9054	3	0.0
train-s9054	4	0.0
train-s9054	5	0.0
train-s9054	6	0.0
train-s9054	7	0.0
train-s9066	15	0.0
train-s9072	12	0.0
train-s9072	28	0.0
train-s9083	19	0.0
train-s9083	23	0.0
train-s9083	24	0.0
train-s9083	6	0.0
train-s9085	2	0.0
train-s9085	3	0.0
train-s9087	4	0.0
train-s909	23	0.0
train-s9098	29	0.0
train-s9098	33	0.0
train-s9098	40	0.0
train-s9118	16	0.0
train-s9122	22	0.0
train-s9122	35	0.0
train-s9123	10	0.0
train-s912	8	0.0
train-s9133	12	0.0
train-s9133	14	0.0
train-s9133	15	0.0
train-s9133	16	0.0
train-s9133	3	0.0
train-s9133	4	0.0
train-s9133	7	0.0
train-s9136	7	0.0
train-s9136	8	0.0
train-s9139	6	0.0
train-s9144	21	0.0
train-s9152	7	0.0
train-s9163	19	0.0
train-s9169	27	0.0
train-s9183	17	0.0
train-s9190	11	0.0
train-s9210	37	0.0
train-s9212	9	0.0
train-s9216	27	0.0
train-s92	17	0.0
train-s9227	27	0.0
train-s9227	48	0.0
train-s92	3	0.0
train-s9257	4	0.0
train-s92	6	0.0
train-s9264	11	0.0
train-s9267	9	0.0
train-s927	11	0.0
train-s927	13	0.0
train-s9272	9	0.0
train-s9284	12	0.0
train-s9284	13	0.0
train-s9284	22	0.0
train-s9298	41	0.0
train-s9298	7	0.0
train-s9300	10	0.0
train-s9314	15	0.0
train-s9324	1	0.0
train-s9328	16	0.0
train-s9328	17	0.0
train-s9328	18	0.0
train-s9328	20	0.0
train-s9333	25	0.0
train-s9344	11	0.0
train-s9344	12	0.0
train-s9348	5	0.0
train-s9359	3	0.0
train-s9361	23	0.0
train-s9361	24	0.0
train-s9363	27	0.0
train-s9370	13	0.0
train-s9375	9	0.0
train-s9391	23	0.0
train-s9391	43	0.0
train-s9396	1	0.0
train-s9406	4	0.0
train-s941	5	0.0
train-s9437	1	0.0
train-s9437	21	0.0
train-s9438	6	0.0
train-s9438	7	0.0
train-s9443	12	0.0
train-s9443	13	0.0
train-s9443	14	0.0
train-s9443	15	0.0
train-s9446	7	0.0
train-s945	15	0.0
train-s9453	18	0.0
train-s9455	37	0.0
train-s9461	44	0.0
train-s9461	46	0.0
train-s9461	47	0.0
train-s9461	48	0.0
train-s9461	49	0.0
train-s9468	4	0.0
train-s9468	5	0.0
train-s9468	9	0.0
train-s9470	5	0.0
train-s9502	10	0.0
train-s9502	11	0.0
train-s9502	13	0.0
train-s9502	14	0.0
train-s9502	15	0.0
train-s9502	16	0.0
train-s9502	17	0.0
train-s9502	18	0.0
train-s9502	19	0.0
train-s9502	20	0.0
train-s9502	21	0.0
train-s9502	22	0.0
train-s9502	23	0.0
train-s9502	24	0.0
train-s9502	26	0.0
train-s9502	28	0.0
train-s9502	30	0.0
train-s9502	33	0.0
train-s9502	35	0.0
train-s9502	37	0.0
train-s9502	40	0.0
train-s9502	42	0.0
train-s9502	9	0.0
train-s9513	9	0.0
train-s9514	5	0.0
train-s9516	1	0.0
train-s9536	16	0.0
train-s9541	19	0.0
train-s9552	4	0.0
train-s9554	6	0.0
train-s9554	7	0.0
train-s956	23	0.0
train-s9567	43	0.0
train-s9567	44	0.0
train-s9571	6	0.0
train-s958	11	0.0
train-s958	13	0.0
train-s958	18	0.0
train-s958	20	0.0
train-s958	21	0.0
train-s958	26	0.0
train-s9583	12	0.0
train-s9583	14	0.0
train-s9583	53	0.0
train-s9583	6	0.0
train-s958	9	0.0
train-s9591	3	0.0
train-s9599	40	0.0
train-s9615	9	0.0
train-s9619	25	0.0
train-s9628	11	0.0
train-s9628	19	0.0
train-s9629	20	0.0
train-s9635	4	0.0
train-s9637	19	0.0
train-s9641	1	0.0
train-s9645	8	0.0
train-s9660	13	0.0
train-s9664	1	0.0
train-s9664	3	0.0
train-s9675	8	0.0
train-s9697	9	0.0
train-s9708	13	0.0
train-s9727	28	0.0
train-s9727	29	0.0
train-s9732	21	0.0
train-s9733	26	0.0
train-s9733	4	0.0
train-s9741	15	0.0
train-s9798	17	0.0
train-s9818	1	0.0
train-s9863	9	0.0
train-s9868	18	0.0
train-s987	3	0.0
train-s9876	15	0.0
train-s988	46	0.0
train-s9886	105	0.0
train-s9886	108	0.0
train-s9886	112	0.0
train-s9886	12	0.0
train-s9886	44	0.0
train-s9886	5	0.0
train-s9886	65	0.0
train-s9886	75	0.0
train-s9886	77	0.0
train-s9886	78	0.0
train-s9886	88	0.0
train-s9886	9	0.0
train-s9886	99	0.0
train-s9888	21	0.0
train-s9888	22	0.0
train-s9888	7	0.0
train-s9895	1	0.0
train-s9895	15	0.0
train-s9895	16	0.0
train-s9895	37	0.0
train-s9895	38	0.0
train-s9906	17	0.0
train-s9906	18	0.0
train-s9914	3	0.0
train-s9927	10	0.0
train-s9930	4	0.0
train-s993	18	0.0
train-s9934	1	0.0
train-s994	11	0.0
train-s994	17	0.0
train-s9941	7	0.0
train-s994	32	0.0
train-s994	4	0.0
train-s994	7	0.0
train-s994	8	0.0
train-s994	9	0.0
train-s9953	15	0.0
train-s995	5	0.0
train-s9969	11	0.0
train-s9970	23	0.0
train-s9970	24	0.0
train-s9970	25	0.0
train-s9973	2	0.0
train-s9973	9	0.0
train-s9976	1	0.0
